NO. of TEST,MAE OF RFR,MAPE OF RFR
TEST 1,0.102182265,10.2182265
TEST 2,0.103619231,10.3619231
TEST 3,0.10292961,10.292961
TEST 4,0.099151652,9.9151652
TEST 5,0.101884381,10.1884381
TEST 6,0.102737139,10.2737139
TEST 7,0.102393387,10.2393387
TEST 8,0.100158822,10.0158822
TEST 9,0.102432043,10.2432043
TEST 10,0.103664523,10.3664523
Avg,0.102115305,10.21153053
