NO. of TEST,MAE OF GBR,MAPE OF GBR
TEST 1,0.103428177,10.3428177
TEST 2,0.102767298,10.2767298
TEST 3,0.10258876,10.258876
TEST 4,0.103769328,10.3769328
TEST 5,0.103140096,10.3140096
TEST 6,0.102387601,10.2387601
TEST 7,0.10263645,10.263645
TEST 8,0.103400938,10.3400938
TEST 9,0.102523442,10.2523442
TEST 10,0.103868048,10.3868048
Avg,0.103051014,10.30510138
